{
  "cpp": {
    "show": "C++",
    "highlight": "cpp",
    "version": "GCC 8.2.0",
    "editor": "cpp",
    "format": "cpp"
  },
  "cpp11": {
    "show": "C++ 11",
    "highlight": "cpp",
    "version": "GCC 8.2.0",
    "editor": "cpp",
    "format": "cpp"
  },
  "cpp17": {
    "show": "C++ 17",
    "highlight": "cpp",
    "version": "GCC 8.2.0",
    "editor": "cpp",
    "format": "cpp"
  },
  "cpp-noilinux": {
    "show": "C++ (NOI)",
    "highlight": "cpp",
    "version": "GCC 4.8.4 (NOILinux 1.4.1)",
    "editor": "cpp",
    "format": "cpp"
  },
  "cpp11-noilinux": {
    "show": "C++ 11 (NOI)",
    "highlight": "cpp",
    "version": "GCC 4.8.4 (NOILinux 1.4.1)",
    "editor": "cpp",
    "format": "cpp"
  },
  "cpp11-clang": {
    "show": "C++ 11 (Clang)",
    "highlight": "cpp",
    "version": "Clang 7.0.1",
    "editor": "cpp",
    "format": "cpp"
  },
  "cpp17-clang": {
    "show": "C++ 17 (Clang)",
    "highlight": "cpp",
    "version": "Clang 7.0.1",
    "editor": "cpp",
    "format": "cpp"
  },
  "c": {
    "show": "C",
    "highlight": "c",
    "version": "Clang 7.0.1",
    "editor": "c",
    "format": "c"
  },
  "c-noilinux": {
    "show": "C (NOI)",
    "highlight": "c",
    "version": "GCC 4.8.4 (NOILinux 1.4.1)",
    "editor": "c",
    "format": "c"
  },
  "csharp": {
    "show": "C#",
    "highlight": "csharp",
    "version": "Mono 5.16.0.220",
    "editor": "csharp"
  },
  "vala": {
    "show": "Vala",
    "highlight": "vala",
    "version": "Vala 0.40.8, Clang 7.0.1",
    "editor": "vala"
  },
  "java": {
    "show": "Java",
    "highlight": "java",
    "version": "OpenJDK 10.0.2",
    "editor": "java",
    "format": "java"
  },
  "pascal": {
    "show": "Pascal",
    "highlight": "pascal",
    "version": "Free Pascal 3.0.4",
    "editor": "pascal",
    "format": "pas"
  },
  "lua": {
    "show": "Lua",
    "highlight": "lua",
    "version": "Lua 5.3.3",
    "editor": "lua"
  },
  "luajit": {
    "show": "LuaJIT",
    "highlight": "lua",
    "version": "LuaJIT 2.1.0",
    "editor": "lua"
  },
  "python2": {
    "show": "Python 2",
    "highlight": "python",
    "version": "PyPy 6.0.0 (Python 2.7.13)",
    "editor": "python"
  },
  "python3": {
    "show": "Python 3",
    "highlight": "python",
    "version": "PyPy 6.0.0 (Python 3.5.3)",
    "editor": "python"
  },
  "nodejs": {
    "show": "Node.js",
    "highlight": "js",
    "version": "10.14.0",
    "editor": "javascript",
    "format": "js"
  },
  "ruby": {
    "show": "Ruby",
    "highlight": "ruby",
    "version": "2.5.1",
    "editor": "ruby"
  },
  "haskell": {
    "show": "Haskell",
    "highlight": "haskell",
    "version": "GHC 8.6.2",
    "editor": "haskell"
  },
  "ocaml": {
    "show": "OCaml",
    "highlight": "ocaml",
    "version": "Ocaml 4.05.0",
    "editor": "ocaml"
  },
  "vbnet": {
    "show": "Visual Basic",
    "highlight": "vbnet",
    "version": "Mono 4.7",
    "editor": "vbscript"
  }
}
